	0	1
CACCAGGGTTCCCGAG-6	2.0407014	10.001383
TGACAACAGCACCGCT-6	0.6692782	8.613316
AACTCTTCACATTCGA-6	1.9063865	8.396119
TCGCGTTGTTCAGTAC-6	2.9950044	9.679514
ATCCGAAAGAACAATC-6	2.2986	10.8663025
CTTACCGGTGTAACGG-6	0.8658594	10.021873
CTCGTACAGAGACGAA-6	3.415687	10.227953
GCCTCTATCATAACCG-6	1.2115195	10.945045
AACTTTCGTAGTGAAT-6	2.080257	10.576033
CACCTTGTCAGCTTAG-6	1.1567509	9.949983
GAACCTATCTCGATGA-6	0.9176867	9.521204
GTGTTAGGTCGTTGTA-6	1.3302162	7.7308345
AGTGGGATCTACCAGA-6	2.204849	9.018118
TCTGAGAGTCGGATCC-6	2.3096814	9.9679985
TATCAGGGTAGCGTGA-6	2.8871531	10.2638
CATGCCTTCAGCTGGC-6	3.1788757	9.525897
TGACTAGGTGTGCGTC-6	0.49425185	10.840692
GTCTCGTGTGGGTATG-6	1.5685384	10.685065
TGCTACCTCAGCTCTC-6	3.8231704	9.598487
CGTTCTGAGATGCCAG-6	-0.7119824	9.934307
GATCGTAAGATCCGAG-6	2.784892	10.213623
TCACAAGCATTACGAC-6	2.101285	9.6497755
TCATTTGCACAGACAG-6	2.742689	9.325878
TTCCCAGGTTGTGGAG-6	3.170225	9.295962
CGCTATCAGTTGTCGT-6	-0.0045792274	9.879122
AACGTTGAGTGTACTC-6	2.6843762	9.531516
ACACCCTGTCCGACGT-6	3.5430727	10.377616
GGAATAACACTTCGAA-6	3.7966719	9.925953
TGCCCTACAGCGAACA-6	0.36728418	9.315559
AGGGATGAGATAGTCA-6	-0.8168138	9.485793
GCAGTTACATTCCTGC-6	2.5943406	10.520079
CTGGTCTGTCCGAAGA-6	3.2019138	10.732101
TCTATTGCATACAGCT-6	2.4245188	10.645124
ATTCTACTCCTAGGGC-6	-1.0906786	2.9463098
GGACATTTCCCTAACC-6	2.2834578	8.848109
CGTCCATGTCATCGGC-6	1.8253849	9.964549
AAGCCGCGTTATGCGT-6	3.0253706	10.616643
CTCGTACGTAGCTCCG-6	0.8827421	9.534366
TCCCGATTCTTCAACT-6	3.707389	10.378371
ACGGCCAAGCTGGAAC-6	2.9621642	9.4272785
TGTCCCAGTCTCTCGT-6	1.5538193	8.994876
AGCATACGTATATGAG-6	0.7279583	10.065272
CGATGTAGTTCCGGCA-6	3.8609128	9.359136
GGGTTGCGTTCGGCAC-6	3.6019876	10.404422
CTGGTCTTCCAAACAC-6	2.4939828	9.226227
TTGGAACGTCGTTGTA-6	1.6997535	9.767955
TGCGCAGCAACGATCT-6	-1.04437	9.309421
GTGTGCGGTGGTGTAG-6	3.9051805	10.087521
TGCCAAATCACAGTAC-6	2.3343666	10.546492
